geography,id,num_hh_control,adults_control,workers_control,children_control,whitenh_control,blacknh_control,asiannh_control,othernh_control,hispanic_control,hh_inc_1_control,hh_inc_2_control,hh_inc_3_control,hh_inc_4_control,hh_under_35_control,hh_35_64_control,hh_65_control,hh_size_1_control,hh_size_2_control,hh_size_3_control,hh_size_4_control,hh_size_5_control,hh_size_6_control,hh_size_7_control,bldg_type_1_control,bldg_type_2_control,bldg_type_3_control,bldg_type_4_control,bldg_type_5_control,bldg_type_6_control,bldg_type_7_control,bldg_type_8_control,bldg_type_9_control,bldg_type_10_control,num_hh_result,adults_result,workers_result,children_result,whitenh_result,blacknh_result,asiannh_result,othernh_result,hispanic_result,hh_inc_1_result,hh_inc_2_result,hh_inc_3_result,hh_inc_4_result,hh_under_35_result,hh_35_64_result,hh_65_result,hh_size_1_result,hh_size_2_result,hh_size_3_result,hh_size_4_result,hh_size_5_result,hh_size_6_result,hh_size_7_result,bldg_type_1_result,bldg_type_2_result,bldg_type_3_result,bldg_type_4_result,bldg_type_5_result,bldg_type_6_result,bldg_type_7_result,bldg_type_8_result,bldg_type_9_result,bldg_type_10_result,num_hh_diff,adults_diff,workers_diff,children_diff,whitenh_diff,blacknh_diff,asiannh_diff,othernh_diff,hispanic_diff,hh_inc_1_diff,hh_inc_2_diff,hh_inc_3_diff,hh_inc_4_diff,hh_under_35_diff,hh_35_64_diff,hh_65_diff,hh_size_1_diff,hh_size_2_diff,hh_size_3_diff,hh_size_4_diff,hh_size_5_diff,hh_size_6_diff,hh_size_7_diff,bldg_type_1_diff,bldg_type_2_diff,bldg_type_3_diff,bldg_type_4_diff,bldg_type_5_diff,bldg_type_6_diff,bldg_type_7_diff,bldg_type_8_diff,bldg_type_9_diff,bldg_type_10_diff
PUMA,101,36286,74269,38556,22284,27306,23571,635,1429,43612,13172,10673,8118,4323,6990,21027,8269,11155,9614,5549,4490,3099,1362,1017,359,24299,1645,3442,1982,2209,778,481,1091,0,36286,74259,38555,22289,27302,23577,637,1435,43597,13173,10674,8116,4323,6989,21026,8271,11154,9613,5548,4490,3100,1362,1019,359,24298,1644,3443,1984,2209,778,481,1090,0,0,-10,-1,5,-4,6,2,6,-15,1,1,-2,0,-1,-1,2,-1,-1,-1,0,1,0,2,0,-1,-1,1,2,0,0,0,-1,0
PUMA,102,47053,89234,43783,24277,33403,62915,620,2659,13914,19099,13720,8464,5770,8387,25329,13337,16036,13997,7268,5342,2146,1133,1131,1093,34226,2195,1239,1263,2334,2067,1251,1378,7,47053,89215,43790,24273,33392,62889,626,2663,13918,19097,13717,8464,5775,8388,25326,13339,16022,13994,7269,5350,2148,1134,1136,1091,34235,2196,1238,1263,2336,2066,1251,1377,0,0,-19,7,-4,-11,-26,6,4,4,-2,-3,0,5,1,-3,2,-14,-3,1,8,2,1,5,-2,9,1,-1,0,2,-1,0,-1,-7
PUMA,103,56641,112168,68400,27681,89875,20533,3320,4195,21926,10778,14650,14593,16620,8869,32234,15538,16395,18244,9027,7802,3440,1122,611,501,41766,4911,619,1656,2493,2296,1429,962,8,56641,112111,68396,27673,89853,20520,3323,4196,21892,10777,14651,14593,16620,8871,32235,15535,16382,18239,9034,7808,3443,1126,609,500,41767,4912,619,1655,2495,2296,1429,962,6,0,-57,-4,-8,-22,-13,3,1,-34,-1,1,0,0,2,1,-3,-13,-5,7,6,3,4,-2,-1,1,1,0,-1,2,0,0,0,-2
PUMA,104,49057,102120,62794,26374,108229,4585,1995,1900,11785,6963,10878,12957,18259,6694,28757,13606,11194,17085,7773,7839,3457,1190,519,513,38027,5049,751,842,1031,1363,834,633,14,49057,102114,62805,26360,108224,4568,1989,1897,11796,6959,10875,12965,18258,6691,28756,13610,11183,17085,7777,7848,3460,1191,513,514,38052,5046,752,840,1031,1362,831,629,0,0,-6,11,-14,-5,-17,-6,-3,11,-4,-3,8,-1,-3,-1,4,-11,0,4,9,3,1,-6,1,25,-3,1,-2,0,-1,-3,-4,-14
PUMA,200,66112,134255,78540,33169,139445,5666,2245,3322,16746,12488,15370,16531,21723,10952,38757,16403,16283,23411,10744,9393,4307,1330,644,2841,48981,4019,1642,2080,3168,2279,584,499,19,66112,134181,78534,33132,139354,5645,2238,3313,16763,12490,15371,16532,21719,10951,38754,16407,16265,23412,10746,9400,4315,1331,643,2845,49004,4023,1642,2080,3168,2276,578,496,0,0,-74,-6,-37,-91,-21,-7,-9,17,2,1,1,-4,-1,-3,4,-18,1,2,7,8,1,-1,4,23,4,0,0,0,-3,-6,-3,-19
PUMA,300,43226,82023,47100,21144,83358,9726,590,2774,6719,11782,11891,10579,8974,7630,22934,12662,12885,15250,6514,4751,2473,927,426,1661,33522,1217,1488,1343,1105,1213,1332,345,0,43226,82045,47114,21135,83392,9719,587,2764,6718,11780,11889,10588,8969,7629,22934,12663,12885,15252,6514,4754,2474,924,423,1657,33541,1217,1482,1342,1105,1211,1329,342,0,0,22,14,-9,34,-7,-3,-10,-1,-2,-2,9,-5,-1,0,1,0,2,0,3,1,-3,-3,-4,19,0,-6,-1,0,-2,-3,-3,0
PUMA,2300,40026,82090,48497,22092,74905,15612,900,1794,10971,10012,10387,9651,9976,7196,21951,10879,10372,13201,5985,5592,3014,1386,476,2389,28937,1702,1309,1683,1894,655,378,1077,2,40026,82077,48501,22097,74875,15626,901,1808,10964,10010,10390,9644,9982,7188,21962,10876,10365,13204,5984,5592,3019,1382,480,2392,28944,1704,1309,1684,1891,656,376,1070,0,0,-13,4,5,-30,14,1,14,-7,-2,3,-7,6,-8,11,-3,-7,3,-1,0,5,-4,4,3,7,2,0,1,-3,1,-2,-7,-2
PUMA,2400,44748,84022,49830,20393,90223,1665,748,1650,10129,11140,12029,11133,10446,7873,23993,12882,13891,16194,5982,5243,2368,531,539,1252,35883,1141,1644,1731,1161,718,355,863,0,44748,83997,49825,20335,90185,1658,734,1633,10122,11135,12030,11136,10447,7877,23987,12884,13884,16197,5988,5243,2374,528,534,1255,35890,1142,1644,1730,1161,716,350,860,0,0,-25,-5,-58,-38,-7,-14,-17,-7,-5,1,3,1,4,-6,2,-7,3,6,0,6,-3,-5,3,7,1,0,-1,0,-2,-5,-3,0
PUMA,2601,38293,78399,49503,19534,76233,6802,2179,1977,10742,9483,8679,9571,10560,10949,19456,7888,9964,12238,6779,5455,2505,957,395,827,22565,3762,1124,1814,3363,2140,1212,1480,6,38293,78408,49499,19541,76264,6803,2174,1978,10730,9485,8675,9571,10562,10949,19459,7885,9971,12239,6774,5455,2502,960,392,826,22577,3762,1123,1815,3364,2140,1210,1475,1,0,9,-4,7,31,1,-5,1,-12,2,-4,0,2,0,3,-3,7,1,-5,0,-3,3,-3,-1,12,0,-1,1,1,0,-2,-5,-5
PUMA,2700,7769,15208,9579,4160,14574,371,60,328,4035,1775,2284,2009,1701,1481,4261,2027,2372,2488,990,1021,602,194,102,409,5666,225,344,292,468,127,135,103,0,7769,15198,9576,4161,14574,370,56,322,4037,1771,2284,2013,1701,1485,4258,2026,2371,2490,988,1022,603,194,101,410,5668,223,343,292,470,127,134,102,0,0,-10,-3,1,0,-1,-4,-6,2,-4,0,4,0,4,-3,-1,-1,2,-2,1,1,0,-1,1,2,-2,-1,0,2,0,-1,-1,0
PUMA,2801,84938,158157,89852,42699,124782,32550,5734,6565,31225,26752,23407,18942,15837,16560,44924,23454,28146,27374,12485,9328,4439,2031,1135,861,57791,3731,5856,5212,3622,2330,1773,3731,31,84938,158121,89851,42677,124787,32543,5716,6551,31201,26746,23408,18945,15839,16559,44929,23450,28145,27373,12483,9333,4443,2030,1131,860,57795,3734,5854,5213,3625,2329,1773,3727,28,0,-36,-1,-22,5,-7,-18,-14,-24,-6,1,3,2,-1,5,-4,-1,-1,-2,5,4,-1,-4,-1,4,3,-2,1,3,-1,0,-4,-3
PUMA,2901,48442,101575,63756,27302,104814,3082,2228,2746,16007,8577,11781,12509,15575,7217,28908,12317,10267,17509,7982,6994,3722,1259,709,1843,39073,2169,952,2332,960,441,199,473,0,48442,101541,63751,27284,104770,3072,2232,2755,15996,8574,11785,12506,15577,7221,28901,12320,10269,17511,7983,6995,3720,1261,703,1844,39077,2170,952,2333,960,440,197,469,0,0,-34,-5,-18,-44,-10,4,9,-11,-3,4,-3,2,4,-7,3,2,2,1,1,-2,2,-6,1,4,1,0,1,0,-1,-2,-4,0
PUMA,3005,48088,108862,69894,35998,40496,13793,3504,2541,84526,11036,14565,11867,10620,9091,28951,10046,11210,11560,7768,8071,5333,2219,1927,522,30928,3258,3524,2259,2153,1579,1587,2278,0,48088,108851,69911,35986,40482,13809,3512,2544,84490,11033,14562,11864,10629,9094,28945,10049,11208,11559,7768,8070,5333,2218,1932,521,30927,3259,3524,2263,2154,1576,1587,2277,0,0,-11,17,-12,-14,16,8,3,-36,-3,-3,-3,9,3,-6,3,-2,-1,0,-1,0,-1,5,-1,-1,1,0,4,1,-3,0,-1,0
PUMA,3007,43050,91357,60862,23932,94147,2443,4085,2258,12356,4915,6813,9683,21639,5692,27009,10349,9151,14626,7375,6896,3546,1060,396,58,30731,4820,1095,1622,1353,1140,688,1543,0,43050,91389,60856,23929,94186,2445,4087,2262,12338,4911,6815,9682,21642,5688,27011,10351,9148,14624,7381,6888,3545,1063,401,56,30734,4818,1095,1622,1352,1139,688,1546,0,0,32,-6,-3,39,2,2,4,-18,-4,2,-1,3,-4,2,2,-3,-2,6,-8,-1,3,5,-2,3,-2,0,0,-1,-1,0,3,0
PUMA,3008,46934,105630,69083,32627,61579,8334,7521,2392,58431,8835,11396,11612,15091,8156,29491,9287,10364,13144,7328,7519,4600,2474,1505,466,29830,5663,2233,2194,2600,1976,1045,897,30,46934,105627,69062,32628,61563,8326,7538,2397,58431,8829,11400,11612,15093,8160,29487,9287,10363,13143,7331,7518,4601,2474,1504,463,29837,5662,2231,2196,2601,1976,1045,897,26,0,-3,-21,1,-16,-8,17,5,0,-6,4,0,2,4,-4,0,-1,-1,3,-1,1,0,-1,-3,7,-1,-2,2,1,0,0,0,-4
PUMA,3009,45814,98624,61338,27968,103078,2679,6130,2032,12673,4756,7029,8870,25159,4669,28448,12697,8285,16775,7088,7870,4037,1071,688,0,37183,6406,328,389,466,74,506,462,0,45814,98589,61337,27962,103044,2668,6133,2032,12674,4757,7025,8868,25164,4667,28453,12694,8283,16770,7087,7873,4040,1074,687,0,37197,6403,327,389,464,71,504,459,0,0,-35,-1,-6,-34,-11,3,0,1,1,-4,-2,5,-2,5,-3,-2,-5,-1,3,3,3,-1,0,14,-3,-1,0,-2,-3,-2,-3,0
PUMA,3102,47179,101540,62735,29942,59899,24095,1600,3002,42886,11680,11798,11968,11733,8315,27791,11073,12479,12841,7264,7091,4281,1854,1369,525,32637,3554,2617,1615,1510,1976,711,2028,6,47179,101471,62742,29931,59858,24073,1588,3017,42866,11678,11798,11969,11734,8316,27794,11069,12455,12827,7265,7104,4290,1861,1377,524,32644,3556,2618,1615,1511,1973,711,2027,0,0,-69,7,-11,-41,-22,-12,15,-20,-2,0,1,1,1,3,-4,-24,-14,1,13,9,7,8,-1,7,2,1,0,1,-3,0,-1,-6
PUMA,3105,45628,106863,70640,31117,86106,12786,5674,3128,30286,6094,9033,12250,18251,6735,28602,10291,9128,11939,7906,8263,4949,1861,1582,62,33371,7865,543,997,998,573,510,709,0,45628,106816,70638,31113,86075,12777,5675,3129,30273,6095,9032,12251,18250,6732,28605,10291,9116,11933,7905,8269,4954,1865,1586,61,33377,7863,542,997,997,573,509,709,0,0,-47,-2,-4,-31,-9,1,1,-13,1,-1,1,-1,-3,3,0,-12,-6,-1,6,5,4,4,-1,6,-2,-1,0,-1,0,-1,0,0
PUMA,3106,54732,132327,90760,41538,92767,18933,26482,6077,29606,4806,8033,11428,30465,6777,39290,8665,7591,13843,10429,12734,6426,2591,1118,51,42887,7923,230,371,666,1242,526,810,26,54732,132291,90766,41520,92749,18932,26480,6074,29576,4805,8032,11427,30468,6776,39290,8666,7578,13828,10436,12745,6430,2594,1121,50,42893,7923,229,371,665,1242,527,808,24,0,-36,6,-18,-18,-1,-2,-3,-30,-1,-1,-1,3,-1,0,1,-13,-15,7,11,4,3,3,-1,6,0,-1,0,-1,0,1,-2,-2
PUMA,3107,43359,99701,66321,27703,111434,2812,2845,2057,8256,3468,6453,9542,23896,4162,28872,10325,7092,14396,7001,7892,4513,1577,888,474,34973,5465,160,701,376,588,145,477,0,43359,99680,66313,27722,111436,2808,2841,2060,8257,3469,6456,9545,23889,4160,28874,10325,7090,14394,7002,7894,4512,1576,891,471,34977,5467,160,701,376,588,145,474,0,0,-21,-8,19,2,-4,-4,3,1,1,3,3,-7,-2,2,0,-2,-2,1,2,-1,-1,3,-3,4,2,0,0,0,0,0,-3,0
PUMA,3108,42460,89548,54698,21733,85505,15173,718,1932,7953,6456,9349,11061,15594,5925,25474,11061,9898,14612,6878,6427,2950,1202,493,1566,33202,3223,590,924,878,823,374,867,13,42460,89461,54707,21691,85461,15156,692,1908,7935,6458,9349,11057,15596,5927,25464,11069,9884,14605,6879,6432,2961,1204,495,1564,33245,3220,588,920,873,816,366,863,5,0,-87,9,-42,-44,-17,-26,-24,-18,2,0,-4,2,2,-10,8,-14,-7,1,5,11,2,2,-2,43,-3,-2,-4,-5,-7,-8,-4,-8
PUMA,3202,43345,88585,57538,25216,86640,5328,10275,3362,8196,5487,7834,8297,21727,7412,24635,11298,10054,15101,6706,6448,3453,1093,490,17,26605,4458,160,1553,2619,2631,2004,3277,21,43345,88499,57546,25190,86546,5324,10266,3343,8210,5488,7830,8292,21735,7410,24638,11297,10043,15086,6706,6462,3462,1093,493,13,26614,4460,160,1550,2618,2631,2004,3279,16,0,-86,8,-26,-94,-4,-9,-19,14,1,-4,-5,8,-2,3,-1,-11,-15,0,14,9,0,3,-4,9,2,0,-3,-1,0,0,2,-5
PUMA,3203,47533,93555,62246,22851,83896,5585,14279,2888,9758,6233,7670,9891,23739,8506,28093,10934,13364,16014,6950,7262,2982,716,245,50,28224,3775,416,1364,4198,3216,2174,4097,19,47533,93516,62258,22828,83866,5581,14259,2892,9746,6236,7667,9892,23738,8510,28092,10931,13350,16016,6951,7269,2984,716,247,47,28225,3776,417,1364,4201,3217,2173,4098,15,0,-39,12,-23,-30,-4,-20,4,-12,3,-3,1,-1,4,-1,-3,-14,2,1,7,2,0,2,-3,1,1,1,0,3,1,-1,1,-4
PUMA,3204,58476,116826,72361,29100,110154,6432,15784,2940,10616,8630,10605,10822,28419,7101,34636,16739,15919,19241,8976,9439,3444,965,492,44,37478,4579,536,1773,4039,3674,3742,2571,40,58476,116792,72366,29120,110148,6432,15782,2924,10626,8628,10610,10824,28414,7099,34641,16736,15905,19238,8977,9448,3443,968,497,39,37492,4580,535,1772,4042,3673,3740,2569,34,0,-34,5,20,-6,0,-2,-16,10,-2,5,2,-5,-2,5,-3,-14,-3,1,9,-1,3,5,-5,14,1,-1,-1,3,-1,-2,-2,-6
PUMA,3205,48865,98228,61576,24297,88568,5152,12726,3329,12750,7268,9238,10607,21752,7343,26911,14611,13850,15739,7580,6673,3337,1145,541,44,30749,4104,653,799,2067,1700,2500,6249,0,48865,98199,61557,24286,88548,5146,12693,3323,12775,7270,9241,10612,21742,7338,26916,14611,13853,15739,7580,6676,3335,1144,538,40,30755,4105,653,799,2065,1700,2501,6247,0,0,-29,-19,-11,-20,-6,-33,-6,25,2,3,5,-10,-5,5,0,3,0,0,3,-2,-1,-3,-4,6,1,0,0,-2,0,1,-2,0
PUMA,3207,42479,93283,62247,22154,69393,3201,8115,1773,32955,7139,9182,9999,16159,6804,24644,11031,9645,13041,7395,7467,3195,1024,712,243,26177,3827,619,1758,2759,2509,2031,2519,37,42479,93244,62233,22157,69392,3208,8108,1774,32919,7142,9183,9998,16156,6805,24648,11026,9644,13039,7394,7471,3198,1022,711,241,26204,3832,618,1762,2762,2509,2032,2519,0,0,-39,-14,3,-1,7,-7,1,-36,3,1,-1,-3,1,4,-5,-1,-2,-1,4,3,-2,-1,-2,27,5,-1,4,3,0,1,0,-37
PUMA,3208,59574,136312,93053,34294,95791,7837,26153,3847,36978,7250,11394,14135,26795,9189,37681,12704,11598,18829,10667,9536,5168,2247,1529,239,37037,10518,421,1502,2966,3813,1417,1656,5,59574,136306,93041,34299,95766,7829,26177,3834,36999,7249,11393,14132,26800,9182,37683,12709,11605,18832,10661,9534,5169,2246,1527,237,37048,10515,420,1504,2966,3811,1416,1657,0,0,-6,-12,5,-25,-8,24,-13,21,-1,-1,-3,5,-7,2,5,7,3,-6,-2,1,-1,-2,-2,11,-3,-1,2,0,-2,-1,1,-5
PUMA,3209,45230,94391,65684,26727,70727,8635,20258,2855,18643,4584,7937,10538,22171,8918,29224,7088,10421,13607,8545,7875,3215,1075,492,20,21697,10282,269,1808,3887,4028,1323,1895,21,45230,94329,65675,26725,70698,8633,20244,2867,18612,4586,7940,10540,22164,8921,29222,7087,10419,13599,8546,7881,3217,1078,490,15,21696,10289,269,1808,3886,4029,1323,1897,18,0,-62,-9,-2,-29,-2,-14,12,-31,2,3,2,-7,3,-2,-1,-2,-8,1,6,2,3,-2,-5,-1,7,0,0,-1,1,0,2,-3
PUMA,3306,56594,120394,80042,33426,106209,5430,5248,3699,33234,8114,11773,14364,22343,8518,35876,12200,12604,17992,9730,9187,4551,1776,754,796,41166,7290,489,1103,1608,2199,675,1256,12,56594,120390,80046,33428,106201,5429,5237,3690,33261,8111,11769,14368,22346,8522,35873,12199,12606,17992,9736,9184,4550,1776,750,795,41174,7290,489,1102,1607,2198,675,1256,8,0,-4,4,2,-8,-1,-11,-9,27,-3,-4,4,3,4,-3,-1,2,0,6,-3,-1,0,-4,-1,8,0,0,-1,-1,-1,0,0,-4
PUMA,3307,47345,100650,63897,32420,37281,24379,3934,4440,63036,13294,13687,10755,9609,9786,28296,9263,12243,12282,7962,7033,4971,1571,1283,1244,28896,1642,3590,2053,2483,3252,1804,2373,8,47345,100670,63905,32410,37287,24394,3960,4433,63006,13298,13684,10749,9614,9783,28294,9268,12241,12285,7958,7034,4971,1571,1285,1241,28904,1643,3588,2053,2487,3254,1803,2372,0,0,20,8,-10,6,15,26,-7,-30,4,-3,-6,5,-3,-2,5,-2,3,-4,1,0,0,2,-3,8,1,-2,0,4,2,-1,-1,-8
PUMA,3308,42447,91584,59280,22691,88425,1542,8936,1961,13411,4228,6232,7941,24046,4354,26947,11146,7842,15476,7358,7200,3322,976,273,1021,34230,3756,352,762,687,458,279,875,27,42447,91539,59282,22695,88398,1537,8919,1967,13413,4226,6232,7939,24050,4354,26947,11146,7835,15467,7357,7206,3327,979,276,1021,34237,3756,352,761,687,457,278,874,24,0,-45,2,4,-27,-5,-17,6,2,-2,0,-2,4,0,0,0,-7,-9,-1,6,5,3,3,0,7,0,0,-1,0,-1,-1,-1,-3
PUMA,3309,52438,108263,70468,30086,84865,9009,15270,3725,25480,6919,9393,11401,24725,9021,31839,11578,12644,16439,8904,8786,3980,1149,536,940,31478,6899,824,1667,2590,3228,2132,2680,0,52438,108253,70485,30101,84844,8990,15268,3728,25524,6915,9386,11414,24723,9013,31846,11579,12648,16441,8899,8785,3982,1151,532,937,31481,6900,822,1666,2592,3229,2132,2679,0,0,-10,17,15,-21,-19,-2,3,44,-4,-7,13,-2,-8,7,1,4,2,-5,-1,2,2,-4,-3,3,1,-2,-1,2,1,0,-1,0
PUMA,3310,49248,102741,65918,28170,96450,1970,18433,2651,11407,4887,5732,7771,30858,4237,30760,14251,9862,17262,8249,9314,3381,884,296,52,32743,6175,745,1550,1586,1413,2186,2798,0,49248,102741,65916,28177,96466,1977,18449,2643,11383,4890,5727,7773,30858,4235,30759,14254,9861,17258,8253,9319,3379,882,296,45,32759,6179,742,1544,1587,1407,2187,2798,0,0,0,-2,7,16,7,16,-8,-24,3,-5,2,0,-2,-1,3,-1,-4,4,5,-2,-2,0,-7,16,4,-3,-6,1,-6,1,0,0
PUMA,3401,48694,99646,67114,27068,81589,2833,17964,3270,21058,5810,9231,10581,23072,8312,28990,11392,11357,16265,8217,8230,3194,1041,390,58,27506,5351,268,2177,5667,2706,2369,2578,14,48694,99616,67119,27068,81588,2828,17966,3268,21034,5805,9232,10581,23076,8315,28990,11389,11344,16258,8219,8241,3197,1043,392,55,27525,5350,268,2177,5662,2704,2368,2575,10,0,-30,5,0,-1,-5,2,-2,-24,-5,1,0,4,3,0,-3,-13,-7,2,11,3,2,2,-3,19,-1,0,0,-5,-2,-1,-3,-4
PUMA,3407,63853,135012,82923,34417,64442,49858,3760,2611,48758,13084,14844,15595,20330,8627,37034,18192,17950,18028,10407,9200,4667,2208,1393,775,39932,2735,4761,3835,4043,2157,2393,3173,49,63853,134999,82912,34399,64425,49865,3750,2612,48746,13081,14849,15594,20329,8619,37032,18202,17950,18030,10409,9195,4673,2208,1388,772,39950,2730,4758,3836,4042,2157,2392,3172,44,0,-13,-11,-18,-17,7,-10,1,-12,-3,5,-1,-1,-8,-2,10,0,2,2,-5,6,0,-5,-3,18,-5,-3,1,-1,0,-1,-1,-5
PUMA,3408,59958,138509,87329,43147,47947,15379,4148,3335,110847,12912,16146,13428,17472,11029,37605,11324,14187,13829,9643,10246,6443,3328,2282,56,25698,1266,11036,6905,5426,3134,3926,2475,36,59958,138498,87318,43152,47944,15379,4143,3320,110864,12911,16147,13428,17472,11028,37601,11329,14187,13827,9645,10247,6439,3328,2285,53,25709,1266,11038,6902,5424,3134,3927,2474,31,0,-11,-11,5,-3,0,-5,-15,17,-1,1,0,0,-1,-4,5,0,-2,2,1,-4,0,3,-3,11,0,2,-3,-2,0,1,-1,-5
PUMA,3409,55165,119791,71174,35260,91712,11142,3348,2325,46524,10822,12649,12532,19162,7592,32854,14719,13557,15003,8610,9815,4789,2202,1189,1543,35380,2970,2043,3407,3880,2296,2205,1441,0,55165,119725,71175,35229,91633,11146,3335,2324,46516,10819,12658,12523,19165,7594,32852,14719,13545,14999,8609,9821,4798,2206,1187,1540,35383,2972,2044,3407,3877,2298,2203,1441,0,0,-66,1,-31,-79,4,-13,-1,-8,-3,9,-9,3,2,-2,0,-12,-4,-1,6,9,4,-2,-3,3,2,1,0,-3,2,-2,0,0
PUMA,3410,67828,145650,86171,34071,146348,7267,7188,2171,16747,10361,13893,15688,27886,7947,38401,21480,15856,22382,11011,10797,5166,1859,757,1035,41913,9278,368,3495,4957,4548,945,1278,11,67828,145549,86166,34063,146279,7255,7173,2165,16740,10357,13889,15696,27886,7954,38400,21474,15831,22370,11012,10815,5172,1866,762,1031,41918,9277,368,3499,4964,4547,946,1278,0,0,-101,-5,-8,-69,-12,-15,-6,-7,-4,-4,8,0,7,-1,-6,-25,-12,1,18,6,7,5,-4,5,-1,0,4,7,-1,1,0,-11
PUMA,3411,67293,139066,80265,35675,101196,32292,3273,2546,35434,15274,17612,15841,18566,9953,38398,18942,20121,18794,10654,9108,5325,2005,1286,734,41170,3398,1994,2920,7162,6313,2711,891,0,67293,139042,80257,35684,101174,32276,3269,2546,35461,15281,17621,15831,18560,9953,38395,18945,20111,18780,10666,9111,5329,2003,1293,732,41176,3397,1992,2916,7166,6311,2712,891,0,0,-24,-8,9,-22,-16,-4,0,27,7,9,-10,-6,0,-3,3,-10,-14,12,3,4,-2,7,-2,6,-1,-2,-4,4,-2,1,0,0
PUMA,3412,38453,80235,45987,20906,46307,35218,2869,1497,15250,8778,10605,9645,9425,5431,22595,10427,11388,10879,6016,4891,2786,1648,845,306,27209,1957,451,601,3141,2470,694,1624,0,38453,80217,45982,20934,46279,35262,2867,1504,15239,8775,10610,9645,9423,5435,22590,10428,11382,10882,6013,4893,2788,1649,846,303,27222,1955,450,603,3139,2465,692,1624,0,0,-18,-5,28,-28,44,-2,7,-11,-3,5,0,-2,4,-5,1,-6,3,-3,2,2,1,1,-3,13,-2,-1,2,-2,-5,-2,0,0
PUMA,3413,60907,124496,66333,34913,21860,112946,930,2575,21098,19816,17375,13340,10376,7499,38094,15314,18998,15935,10460,7162,4676,1931,1745,988,44092,1501,2354,3334,3216,1756,1125,2521,20,60907,124490,66343,34915,21862,112972,932,2589,21050,19813,17374,13345,10375,7496,38092,15319,19002,15935,10458,7160,4674,1927,1751,983,44107,1505,2356,3335,3219,1757,1125,2520,0,0,-6,10,2,2,26,2,14,-48,-3,-1,5,-1,-3,-2,5,4,0,-2,-2,-2,-4,6,-5,15,4,2,1,3,1,0,-1,-20
PUMA,3414,60932,124992,70740,33601,35525,95270,1544,4442,21812,15544,14346,13878,17164,7168,36489,17275,17789,17081,10779,7845,4366,1567,1505,2286,42819,5693,1739,1976,2395,1095,935,1956,38,60932,124975,70735,33593,35517,95231,1553,4436,21831,15545,14353,13880,17154,7166,36490,17276,17790,17082,10779,7843,4366,1568,1504,2281,42840,5688,1739,1976,2394,1096,933,1954,31,0,-17,-5,-8,-8,-39,9,-6,19,1,7,2,-10,-2,1,1,1,1,0,-2,0,1,-1,-5,21,-5,0,0,-1,1,-2,-2,-7
PUMA,3415,47885,98756,64719,24394,78392,2140,16199,2491,23928,7003,10081,11158,19643,7028,26980,13877,12012,16042,7751,7206,3167,1198,509,470,23718,4972,387,2900,5026,2396,3256,4760,0,47885,98745,64715,24383,78393,2118,16205,2492,23920,7000,10081,11150,19654,7032,26972,13881,12006,16041,7761,7202,3168,1199,508,468,23714,4972,387,2899,5028,2399,3258,4760,0,0,-11,-4,-11,1,-22,6,1,-8,-3,0,-8,11,4,-8,4,-6,-1,10,-4,1,1,-1,-2,-4,0,0,-1,2,3,2,0,0
PUMA,3416,53427,109845,62209,32177,110372,3515,18911,2625,6599,6668,6895,7505,32359,3184,30984,19259,12002,17672,8002,9723,4786,1024,218,222,35894,5294,252,769,2523,1135,3203,4119,16,53427,109821,62219,32192,110385,3521,18888,2631,6588,6667,6890,7507,32363,3183,30986,19258,11993,17673,7994,9728,4792,1026,221,218,35912,5295,252,768,2525,1135,3202,4120,0,0,-24,10,15,13,6,-23,6,-11,-1,-5,2,4,-1,2,-1,-9,1,-8,5,6,2,3,-4,18,1,0,-1,2,0,-1,1,-16
PUMA,3417,41140,94961,63354,26644,50156,7489,18981,2839,42140,5860,8559,11423,15298,6906,25703,8531,8781,10994,7221,6896,4147,1830,1271,547,23144,8436,530,2272,1588,1591,1032,2000,0,41140,94999,63355,26632,50192,7494,18975,2839,42131,5858,8561,11422,15299,6905,25703,8532,8792,11004,7221,6889,4140,1827,1267,547,23148,8433,530,2272,1588,1592,1032,1998,0,0,38,1,-12,36,5,-6,0,-9,-2,2,-1,1,-1,0,1,11,10,0,-7,-7,-3,-4,0,4,-3,0,0,0,1,0,-2,0
PUMA,3418,40423,86732,58271,21167,61965,4011,22483,3162,16278,4849,8663,11264,15647,6348,24703,9372,9609,12483,6942,6906,2900,1089,494,87,21169,6420,364,4005,3111,1432,1586,2249,0,40423,86744,58282,21178,61979,4007,22507,3159,16270,4843,8662,11263,15655,6346,24706,9371,9610,12481,6940,6902,2901,1091,498,87,21177,6421,364,4001,3110,1431,1584,2248,0,0,12,11,11,14,-4,24,-3,-8,-6,-1,-1,8,-2,3,-1,1,-2,-2,-4,1,2,4,0,8,1,0,-4,-1,-1,-2,-1,0
PUMA,3419,48826,98253,63767,24898,82176,3810,11962,2434,22769,8340,10932,11471,18083,7466,27600,13760,13480,15090,8283,7481,3023,1025,444,1266,24636,2684,377,1564,4750,3583,4503,5430,33,48826,98294,63782,24913,82212,3811,11987,2433,22764,8333,10932,11467,18094,7481,27588,13757,13498,15091,8279,7470,3026,1025,437,1259,24645,2686,377,1560,4746,3586,4510,5427,30,0,41,15,15,36,1,25,-1,-5,-7,0,-4,11,15,-12,-3,18,1,-4,-11,3,0,-7,-7,9,2,0,-4,-4,3,7,-3,-3
PUMA,3420,76120,159675,99528,34648,132281,4520,25480,5063,26979,13681,15431,16579,30429,9413,43496,23211,20503,23785,12559,11683,5250,1462,878,681,45395,4786,2000,2399,6371,3894,5049,5535,10,76120,159677,99528,34645,132279,4519,25491,5047,26986,13686,15431,16574,30429,9411,43501,23208,20504,23797,12560,11674,5248,1463,874,677,45402,4788,2001,2402,6369,3894,5052,5535,0,0,2,0,-3,-2,-1,11,-16,7,5,0,-5,0,-2,5,-3,1,12,1,-9,-2,1,-4,-4,7,2,1,3,-2,0,3,0,-10
PUMA,3421,66697,138766,81793,33276,94407,18698,32272,6851,19814,13263,12910,13853,26671,9648,36191,20858,18895,20106,10374,9672,4817,1675,1158,164,32908,3693,3012,4076,4609,3576,7151,7508,0,66697,138736,81792,33251,94350,18713,32266,6852,19806,13266,12908,13857,26666,9644,36198,20855,18902,20107,10373,9663,4821,1676,1155,159,32910,3694,3014,4076,4612,3578,7148,7506,0,0,-30,-1,-25,-57,15,-6,1,-8,3,-2,4,-5,-4,7,-3,7,1,-1,-9,4,1,-3,-5,2,1,2,0,3,2,-3,-2,0
PUMA,3422,44689,95859,59067,22976,68377,2984,5528,1387,40559,11176,11598,10629,11286,7170,26232,11287,12226,12535,7219,7082,3620,1206,801,48,23782,841,2220,2840,5954,2831,2345,3827,1,44689,95874,59088,22988,68361,2979,5515,1381,40626,11174,11596,10626,11293,7164,26238,11287,12222,12530,7227,7075,3622,1206,807,45,23776,843,2222,2843,5955,2833,2346,3826,0,0,15,21,12,-16,-5,-13,-6,67,-2,-2,-3,7,-6,6,0,-4,-5,8,-7,2,0,6,-3,-6,2,2,3,1,2,1,-1,-1
PUMA,3501,77253,126068,86881,18984,74357,27581,14606,5125,23383,24655,19392,14940,18266,25769,38427,13057,37186,25324,6696,5000,1935,669,443,142,4325,996,2642,6129,15532,6989,14429,26069,0,77253,126079,86873,18986,74352,27600,14605,5127,23381,24659,19388,14941,18265,25762,38429,13062,37193,25327,6694,4998,1931,665,445,141,4325,996,2645,6125,15535,6991,14429,26066,0,0,11,-8,2,-5,19,-1,2,-2,4,-4,1,-1,-7,2,5,7,3,-2,-2,-4,-4,2,-1,0,0,3,-4,3,2,0,-3,0
PUMA,3502,82182,136549,108890,19000,122066,6473,10776,4436,11798,11254,13277,16469,41182,40503,31223,10456,36590,28983,8383,6033,1696,355,142,167,6909,4809,3600,11446,10783,5249,11383,27836,0,82182,136533,108891,18987,122054,6468,10767,4436,11795,11254,13278,16471,41179,40509,31219,10454,36580,28987,8386,6035,1698,354,142,164,6910,4810,3602,11447,10785,5250,11384,27830,0,0,-16,1,-13,-12,-5,-9,0,-3,0,1,2,-3,6,-4,-2,-10,4,3,2,2,-1,0,-3,1,1,2,1,2,1,1,-6,0
PUMA,3503,70172,140072,96527,37305,98637,13411,25424,8382,31523,13503,15724,14512,26433,19635,38929,11608,20970,21910,10571,9022,4114,2050,1535,55,13830,2727,9391,13915,12871,6314,6365,4704,0,70172,140051,96522,37307,98617,13417,25423,8379,31522,13503,15732,14512,26425,19635,38932,11605,20977,21912,10565,9022,4115,2051,1530,54,13822,2726,9394,13914,12876,6317,6366,4703,0,0,-21,-5,2,-20,6,-1,-3,-1,0,8,0,-8,0,3,-3,7,2,-6,0,1,1,-5,-1,-8,-1,3,-1,5,3,1,-1,0
PUMA,3504,52676,113544,74189,28471,60588,5857,18537,4573,52460,10887,12821,11127,17841,10767,30938,10971,13689,14968,9090,7842,4499,1608,980,59,17543,1511,8860,8567,7399,3357,3610,1752,18,52676,113529,74178,28460,60577,5852,18538,4559,52463,10885,12825,11123,17843,10768,30939,10969,13692,14968,9095,7836,4496,1612,977,55,17554,1511,8861,8563,7397,3357,3609,1754,15,0,-15,-11,-11,-11,-5,1,-14,3,-2,4,-4,2,1,1,-2,3,0,5,-6,-3,4,-3,-4,11,0,1,-4,-2,0,-1,2,-3
PUMA,3520,46890,104925,66433,23884,70701,3073,8257,2853,43925,9275,10423,11322,15870,7289,27863,11738,11962,12923,8531,7334,3058,1782,1300,111,25930,723,7327,5221,3832,1417,1514,807,8,46890,104933,66435,23890,70698,3076,8258,2856,43935,9272,10428,11326,15864,7294,27864,11732,11961,12921,8532,7336,3059,1781,1300,109,25932,722,7326,5223,3834,1417,1516,806,5,0,8,2,6,-3,3,1,3,10,-3,5,4,-6,5,1,-6,-1,-2,1,2,1,-1,0,-2,2,-1,-1,2,2,0,2,-1,-3
PUMA,3521,59563,135962,75958,39843,21613,71720,2262,2639,77571,22223,15573,10893,10874,10379,35263,13921,16014,13190,10550,8681,5159,2891,3078,116,21108,1309,15266,10301,5304,1963,1659,2485,52,59563,135962,75958,39846,21604,71756,2272,2638,77538,22223,15574,10889,10877,10381,35261,13921,16020,13190,10551,8679,5158,2889,3076,115,21117,1309,15267,10298,5304,1961,1659,2484,49,0,0,0,3,-9,36,10,-1,-33,0,1,-4,3,2,-2,0,6,0,1,-2,-1,-2,-2,-1,9,0,1,-3,0,-2,0,-1,-3
PUMA,3522,50323,106673,76568,23519,48260,4843,4914,3074,69101,10314,11551,10539,17919,17923,25527,6873,13493,16695,8385,5852,3096,1408,1394,86,9433,1273,11790,12916,7017,2751,2869,2140,48,50323,106681,76574,23529,48276,4838,4926,3077,69093,10315,11552,10538,17918,17922,25527,6874,13494,16691,8388,5850,3093,1410,1397,84,9436,1274,11791,12921,7014,2750,2868,2139,46,0,8,6,10,16,-5,12,3,-8,1,1,-1,-1,-1,0,1,1,-4,3,-2,-3,2,3,-2,3,1,1,5,-3,-1,-1,-1,-2
PUMA,3523,61728,136824,74493,47592,11953,73579,1289,2070,95525,27549,17831,9723,6625,13633,35466,12629,15948,13844,10400,9424,6291,2699,3122,127,10928,1270,20179,17927,5979,1521,1260,2505,32,61728,136834,74502,47582,11946,73562,1289,2062,95557,27548,17833,9727,6620,13627,35468,12633,15947,13852,10399,9428,6291,2693,3118,123,10918,1271,20197,17933,5974,1521,1260,2504,27,0,10,9,-10,-7,-17,0,-8,32,-1,2,4,-5,-6,2,4,-1,8,-1,4,0,-6,-4,-4,-10,1,18,6,-5,0,0,-1,-5
PUMA,3524,81296,148897,109878,24776,84018,24012,15473,4315,45855,16531,12598,15913,36254,35507,36806,8983,28892,30259,11697,6171,2469,1076,732,144,7103,4287,9335,20257,13270,2866,4602,19339,93,81296,148891,109871,24764,84010,23988,15454,4318,45885,16534,12604,15902,36256,35503,36812,8981,28893,30274,11694,6167,2465,1075,728,141,7100,4292,9333,20258,13268,2867,4601,19349,87,0,-6,-7,-12,-8,-24,-19,3,30,3,6,-11,2,-4,6,-2,1,15,-3,-4,-4,-1,-4,-3,-3,5,-2,1,-2,1,-1,10,-6
PUMA,3525,91428,136743,100032,11721,96566,16382,21548,4196,9772,14567,10600,17896,48365,39449,36910,15069,47083,35456,5858,2417,465,145,4,38,2294,2417,374,1190,1746,1390,6388,75579,12,91428,136751,100027,11714,96588,16376,21534,4190,9777,14565,10599,17902,48362,39444,36912,15072,47070,35466,5859,2422,468,143,0,35,2293,2418,374,1188,1744,1389,6391,75588,8,0,8,-5,-7,22,-6,-14,-6,5,-2,-1,6,-3,-5,2,3,-13,10,1,5,3,-2,-4,-3,-1,1,0,-2,-2,-1,3,9,-4
PUMA,3526,55179,127149,70588,35309,27371,15504,33351,1500,84732,19560,15694,10396,9529,11673,30609,12897,13629,12830,9934,8305,5912,2770,1799,88,15856,2220,16873,11409,3609,703,1023,3372,26,55179,127153,70570,35318,27402,15518,33337,1493,84721,19563,15691,10396,9529,11670,30608,12901,13628,12833,9936,8310,5908,2764,1800,85,15862,2218,16870,11418,3609,704,1021,3370,22,0,4,-18,9,31,14,-14,-7,-11,3,-3,0,0,-3,-1,4,-1,3,2,5,-4,-6,1,-3,6,-2,-3,9,0,1,-2,-2,-4
PUMA,3527,41787,105045,58493,33000,31506,6072,1207,763,98497,10062,11526,9728,10471,7537,24547,9703,9005,8142,6605,7056,5551,2935,2493,254,28114,1064,5410,3470,1728,798,445,504,0,41787,105071,58500,33012,31505,6077,1211,766,98524,10058,11528,9727,10474,7534,24547,9706,9007,8142,6598,7053,5553,2933,2501,254,28122,1063,5406,3470,1728,797,444,503,0,0,26,7,12,-1,5,4,3,27,-4,2,-1,3,-3,0,3,2,0,-7,-3,2,-2,8,0,8,-1,-4,0,0,-1,-1,-1,0
PUMA,3528,44978,89035,38345,27505,1912,83385,397,1403,29443,23555,12027,5994,3402,8847,23136,12995,15747,11217,6656,4808,2907,2074,1569,92,15908,757,11597,6893,4493,1303,1765,2126,44,44978,89024,38350,27500,1906,83378,401,1406,29433,23554,12029,5992,3403,8849,23136,12993,15748,11218,6655,4808,2908,2077,1564,92,15910,757,11597,6893,4493,1303,1765,2126,42,0,-11,5,-5,-6,-7,4,3,-10,-1,2,-2,1,2,0,-2,1,1,-1,0,1,3,-5,0,2,0,0,0,0,0,0,0,-2
PUMA,3529,83580,132824,70517,32153,18772,127869,7603,4924,5809,37050,19145,13346,14039,21739,42690,19151,41262,21694,9578,6397,2922,1142,585,54,7847,4456,4969,10578,16742,4700,8233,25968,33,83580,132826,70511,32146,18771,127872,7594,4932,5803,37051,19152,13341,14036,21731,42697,19152,41266,21696,9577,6396,2921,1144,580,50,7852,4456,4970,10580,16739,4703,8232,25970,28,0,2,-6,-7,-1,3,-9,8,-6,1,7,-5,-3,-8,7,1,4,2,-1,-1,-1,2,-5,-4,5,0,1,2,-3,3,-1,2,-5
PUMA,3530,50106,110630,60281,29378,30091,77216,889,2911,28901,11952,11276,11783,15095,4846,30884,14376,13508,12765,8618,7113,4509,2141,1452,106,39468,1144,2066,2105,2267,1036,1038,876,0,50106,110632,60279,29369,30096,77225,888,2916,28876,11951,11277,11781,15097,4846,30883,14377,13514,12770,8619,7111,4502,2136,1454,105,39472,1145,2064,2104,2267,1036,1036,877,0,0,2,-2,-9,5,9,-1,5,-25,-1,1,-2,2,0,-1,1,6,5,1,-2,-7,-5,2,-1,4,1,-2,-1,0,0,-2,1,0
PUMA,3531,49759,93999,44270,22066,1556,110879,443,1555,1632,20927,12625,9508,6699,6006,27155,16598,19073,13382,7497,5190,2331,1376,910,69,24632,2480,5471,5949,6160,1958,1076,1964,0,49759,93992,44276,22055,1558,110857,442,1564,1626,20922,12629,9510,6698,6007,27155,16597,19073,13383,7497,5190,2332,1374,910,66,24641,2481,5469,5947,6158,1959,1075,1963,0,0,-7,6,-11,2,-22,-1,9,-6,-5,4,2,-1,1,0,-1,0,1,0,0,1,-2,0,-3,9,1,-2,-2,-2,1,-1,-1,0
PUMA,3532,45364,94540,45460,28813,8632,76375,246,1135,36965,18300,11871,8606,6587,7031,25578,12755,13474,11896,7446,5180,3786,2104,1478,335,24485,4743,7150,4094,2456,707,337,1043,14,45364,94554,45460,28800,8631,76357,245,1133,36988,18292,11869,8612,6591,7029,25579,12756,13480,11891,7442,5176,3791,2102,1482,334,24490,4744,7151,4097,2454,707,336,1041,10,0,14,0,-13,-1,-18,-1,-2,23,-8,-2,6,4,-2,1,1,6,-5,-4,-4,5,-2,4,-1,5,1,1,3,-2,0,-1,-2,-4
PUMA,3601,48376,104146,69111,30679,106989,2004,4119,1825,19888,6913,8910,12406,20147,6566,30170,11640,9171,16361,8241,8473,3984,1310,836,475,37322,4887,1280,791,1681,967,526,416,31,48376,104059,69095,30673,106895,1990,4114,1826,19907,6916,8915,12402,20143,6567,30174,11635,9157,16353,8248,8481,3988,1312,837,471,37341,4889,1283,792,1683,964,521,408,24,0,-87,-16,-6,-94,-14,-5,1,19,3,5,-4,-4,1,4,-5,-14,-8,7,8,4,2,1,-4,19,2,3,1,2,-3,-5,-8,-7
PUMA,3602,65068,138003,92352,33005,141150,2052,4391,3329,20086,8147,13293,16405,27223,9106,40873,15089,14307,22338,11693,10083,4620,1279,748,316,50585,6435,801,1811,2580,1000,493,1035,12,65068,138014,92341,33018,141195,2056,4387,3330,20064,8148,13296,16397,27227,9109,40873,15086,14309,22340,11692,10081,4623,1281,742,314,50591,6433,803,1813,2580,1000,491,1036,7,0,11,-11,13,45,4,-4,1,-22,1,3,-8,4,3,0,-3,2,2,-1,-2,3,2,-6,-2,6,-2,2,2,0,0,-2,1,-5
PUMA,3700,62150,136430,92024,44801,134553,9581,4573,3040,29484,6864,11919,16041,27326,11035,39078,12037,12215,18254,10769,11001,6055,2302,1554,762,46677,8239,832,1519,1331,1421,552,778,39,62150,136376,92019,44782,134510,9572,4544,3032,29500,6865,11917,16041,27327,11035,39078,12037,12202,18250,10769,11010,6062,2303,1554,761,46686,8237,832,1519,1330,1421,551,776,37,0,-54,-5,-19,-43,-9,-29,-8,16,1,-2,0,1,0,0,0,-13,-4,0,9,7,1,0,-1,9,-2,0,0,-1,0,-1,-2,-2
PUMA,10000,64711,130698,83519,34369,125363,11525,2563,3735,21881,13744,16558,16116,18293,12036,38038,14637,17080,21579,10043,9410,4090,1628,881,2288,42726,2165,4494,2260,3530,2865,2418,1964,1,64711,130675,83525,34362,125338,11520,2560,3735,21884,13739,16555,16124,18293,12035,38037,14639,17079,21577,10046,9411,4092,1624,882,2288,42726,2170,4495,2260,3529,2863,2417,1963,0,0,-23,6,-7,-25,-5,-3,0,3,-5,-3,8,0,-1,-1,2,-1,-2,3,1,2,-4,1,0,0,5,1,0,-1,-2,-1,-1,-1
PUMA,17104,1574,2798,1700,638,3214,20,13,42,147,313,496,405,360,223,874,477,560,550,223,134,77,27,3,10,1469,9,33,20,19,6,0,8,0,1574,2794,1702,632,3218,14,10,40,144,312,497,405,360,222,874,478,561,551,223,134,75,27,3,10,1469,9,33,20,19,6,0,8,0,0,-4,2,-6,4,-6,-3,-2,-3,-1,1,0,0,-1,0,1,1,1,0,0,-2,0,0,0,0,0,0,0,0,0,0,0,0
PUMA,30000,77486,151117,93893,40476,138500,20125,2511,5001,25456,18065,19866,18367,21188,13338,43890,20258,20569,27227,12479,10472,4582,1369,788,829,53472,3193,6202,2204,4143,2537,2459,2394,53,77486,151102,93900,40461,138495,20093,2509,5015,25451,18061,19869,18368,21188,13339,43888,20259,20560,27226,12480,10477,4583,1368,792,828,53519,3200,6203,2205,4143,2533,2459,2396,0,0,-15,7,-15,-5,-32,-2,14,-5,-4,3,1,0,1,-2,1,-9,-1,1,5,1,-1,4,-1,47,7,1,1,0,-4,0,2,-53
PUMA,50000,41509,82152,52373,19214,86672,842,954,1602,11296,9023,10287,11097,11102,8002,22333,11174,11008,16115,5515,5006,2481,904,480,953,29146,1970,1840,1549,2657,1062,1304,1028,0,41509,82149,52357,19206,86695,835,943,1600,11282,9021,10283,11102,11103,8000,22333,11176,11007,16121,5519,5006,2475,903,478,953,29150,1969,1842,1552,2656,1061,1302,1024,0,0,-3,-16,-8,23,-7,-11,-2,-14,-2,-4,5,1,-2,0,2,-1,6,4,0,-6,-1,-2,0,4,-1,2,3,-1,-1,-2,-4,0
